{"name":"064b6585-2ac3-4629-af29-ddf3ad74c775","id":"/providers/Microsoft.Flow/flows/064b6585-2ac3-4629-af29-ddf3ad74c775","type":"Microsoft.Flow/flows","properties":{"apiId":"/providers/Microsoft.PowerApps/apis/shared_logicflows","displayName":"Data Input_OneDrive","definition":{"metadata":{"workflowEntityId":null,"processAdvisorMetadata":null,"flowChargedByPaygo":null,"flowclientsuspensionreason":"None","flowclientsuspensiontime":null,"flowclientsuspensionreasondetails":null,"creator":{"id":"76610574-9bac-4dfd-9f4f-0ef8951fdd20","type":"User","tenantId":"d47b090e-3f5a-4ca0-84d0-9f89d269f175"},"provisioningMethod":"FromDefinition","failureAlertSubscription":true,"clientLastModifiedTime":"2025-08-07T14:53:07.517598Z","connectionKeySavedTimeKey":"2025-08-07T14:53:07.517598Z","creationSource":null,"modifiedSources":"Portal"},"$schema":"https://schema.management.azure.com/providers/Microsoft.Logic/schemas/2016-06-01/workflowdefinition.json#","contentVersion":"1.0.0.0","parameters":{"$authentication":{"defaultValue":{},"type":"SecureObject"},"$connections":{"defaultValue":{},"type":"Object"}},"triggers":{"On_new_email":{"splitOn":"@triggerOutputs()?['body/value']","metadata":{"operationMetadataId":"c036da38-c396-402c-8309-7568c10ec977","Id::AAMkADg5YTNlNWEwLTZiYmItNGE1MC04N2JhLWIwMDA0MTYwNGNmNQAuAAAAAAA2jZ1LhlNvQ6d2FuGG13JRAQBfI0o6nc-qSIvICg-1jGU3AAAUYZbgAAA=":" Cloudloop Data","Id::AQMkADg5YTNlNWEwLTZiYgEtNGE1MC04N2JhLWIwMAE0MTYwNGNmNQAuAAADNo2dS4ZTb0OndhbhhtdyUQEAXyNKOp3P6kiLyAoP9YxlNwAAAgEMAAAA":"Inbox","Id::AQMkADg5YTNlNWEwLTZiYgEtNGE1MC04N2JhLWIwMAE0MTYwNGNmNQAuAAADNo2dS4ZTb0OndhbhhtdyUQEAXyNKOp3P6kiLyAoP9YxlNwAAAgEKAAAA":"Deleted Items","Id::AAMkADg5YTNlNWEwLTZiYmItNGE1MC04N2JhLWIwMDA0MTYwNGNmNQAuAAAAAAA2jZ1LhlNvQ6d2FuGG13JRAQBfI0o6nc-qSIvICg-1jGU3AABgkjbVAAA=":"Aber","Id::AQMkAGRmYWVjZmQ5LTNiYgAzLTQzZjAtYWM5OC05ZWExZWQ1YTRjMzgALgAAA30kRrs7HgROn4tslcY62PQBAFeenF-GJSdLoxNW_dVROdcAAAKWjgAAAA==":"Cloudloop","Id::AQMkAGRmYWVjZmQ5LTNiYgAzLTQzZjAtYWM5OC05ZWExZWQ1YTRjMzgALgAAA30kRrs7HgROn4tslcY62PQBAFeenF-GJSdLoxNW_dVROdcAAAIBDAAAAA==":"Inbox"},"type":"OpenApiConnectionNotification","inputs":{"parameters":{"from":"data@cloudloop.com","folderPath":"Id::AQMkAGRmYWVjZmQ5LTNiYgAzLTQzZjAtYWM5OC05ZWExZWQ1YTRjMzgALgAAA30kRrs7HgROn4tslcY62PQBAFeenF-GJSdLoxNW_dVROdcAAAIBDAAAAA=="},"host":{"apiId":"/providers/Microsoft.PowerApps/apis/shared_office365","connectionName":"shared_office365","operationId":"OnNewEmailV3"},"authentication":"@parameters('$authentication')"}}},"actions":{"Extract_Body":{"runAfter":{},"type":"OpenApiConnection","inputs":{"parameters":{"Content":"<p class=\"editor-paragraph\">@{triggerOutputs()?['body/body']}</p>"},"host":{"apiId":"/providers/Microsoft.PowerApps/apis/shared_conversionservice","connectionName":"shared_conversionservice-1","operationId":"HtmlToText"},"authentication":"@parameters('$authentication')"}},"Compose":{"runAfter":{"Extract_Body":["Succeeded"]},"type":"Compose","inputs":"@split(split(body('Extract_Body'),concat('message =',decodeUriComponent('%0A')))[1],decodeUriComponent('%0A'))[0]"},"Get_file_content":{"runAfter":{"Compose":["Succeeded"]},"metadata":{"b!gN9iQvsogESYfza_N7CyvBxmCYQQTNpCufY4frQx8M2rmsnmmV5lRKuVWSqyIx6Z.012TDPRN3NBOLTAATFEBHYAC5QPUQYGFR5":"/Raw_Data.txt"},"type":"OpenApiConnection","inputs":{"parameters":{"id":"b!gN9iQvsogESYfza_N7CyvBxmCYQQTNpCufY4frQx8M2rmsnmmV5lRKuVWSqyIx6Z.012TDPRN3NBOLTAATFEBHYAC5QPUQYGFR5","inferContentType":true},"host":{"apiId":"/providers/Microsoft.PowerApps/apis/shared_onedriveforbusiness","connectionName":"shared_onedriveforbusiness","operationId":"GetFileContent"},"authentication":"@parameters('$authentication')"}},"Update_file":{"runAfter":{"Get_file_content":["Succeeded"]},"metadata":{"b!zR1fKq5yskG3igT1Lz173WgqCJzycm9LgU3KHn5-7oB3wi0ZPUzzRpXrBR2ZeQw7.01E4AIDCV7S53FUCM56RE2YWAJLZ2EZVNY":"/Documents/A.txt","b!zR1fKq5yskG3igT1Lz173WgqCJzycm9LgU3KHn5-7oB3wi0ZPUzzRpXrBR2ZeQw7.01E4AIDCQTSUEDEJ5DINBY4IQZCNOQGJRW":"/Losing their Cool/Khumbu_Glacier_AWS_Data/AWS_HEX_DATA.txt","b!zR1fKq5yskG3igT1Lz173WgqCJzycm9LgU3KHn5-7oB3wi0ZPUzzRpXrBR2ZeQw7.01E4AIDCULUHS5ZGRARNGIYQYNOOFMI7JF":"/Aber/citizen.dust.yeti.txt","b!zR1fKq5yskG3igT1Lz173WgqCJzycm9LgU3KHn5-7oB3wi0ZPUzzRpXrBR2ZeQw7.01E4AIDCS237K4TUHR6BDKHWZEPEJSPYDW":"/Aber/robot.anchor.summer.txt","b!gN9iQvsogESYfza_N7CyvBxmCYQQTNpCufY4frQx8M2rmsnmmV5lRKuVWSqyIx6Z.012TDPRNZ64OXB4JOVAJA2V2JF46XPPU3K":"/Aber/robot.anchor.summer.txt","b!gN9iQvsogESYfza_N7CyvBxmCYQQTNpCufY4frQx8M2rmsnmmV5lRKuVWSqyIx6Z.012TDPRN3NBOLTAATFEBHYAC5QPUQYGFR5":"/Raw_Data.txt"},"type":"OpenApiConnection","inputs":{"parameters":{"id":"b!gN9iQvsogESYfza_N7CyvBxmCYQQTNpCufY4frQx8M2rmsnmmV5lRKuVWSqyIx6Z.012TDPRN3NBOLTAATFEBHYAC5QPUQYGFR5","body":"@{body('Get_file_content')}3B@{outputs('Compose')}\n"},"host":{"apiId":"/providers/Microsoft.PowerApps/apis/shared_onedriveforbusiness","connectionName":"shared_onedriveforbusiness","operationId":"UpdateFile"},"authentication":"@parameters('$authentication')"},"runtimeConfiguration":{"contentTransfer":{"transferMode":"Chunked"}}}},"outputs":{}},"connectionReferences":{"shared_office365":{"connectionName":"205c20663db649fa8e9813fbd4aec16b","source":"Embedded","id":"/providers/Microsoft.PowerApps/apis/shared_office365","tier":"NotSpecified","apiName":"office365","isProcessSimpleApiReferenceConversionAlreadyDone":false},"shared_conversionservice-1":{"connectionName":"499b4986931a47579c7800bfead4929d","source":"Embedded","id":"/providers/Microsoft.PowerApps/apis/shared_conversionservice","tier":"NotSpecified","apiName":"conversionservice","isProcessSimpleApiReferenceConversionAlreadyDone":false},"shared_onedriveforbusiness":{"connectionName":"7ae6a778c07a434b9aa0e13ec7d5dc91","source":"Embedded","id":"/providers/Microsoft.PowerApps/apis/shared_onedriveforbusiness","tier":"NotSpecified","apiName":"onedriveforbusiness","isProcessSimpleApiReferenceConversionAlreadyDone":false}},"flowFailureAlertSubscribed":false,"isManaged":false}}