{"name":"7fd99952-05a6-4a25-9882-870f725b660a","id":"/providers/Microsoft.Flow/flows/7fd99952-05a6-4a25-9882-870f725b660a","type":"Microsoft.Flow/flows","properties":{"apiId":"/providers/Microsoft.PowerApps/apis/shared_logicflows","displayName":"Data Input_GoogleDrive","definition":{"metadata":{"workflowEntityId":null,"processAdvisorMetadata":null,"flowChargedByPaygo":null,"flowclientsuspensionreason":"None","flowclientsuspensiontime":null,"flowclientsuspensionreasondetails":null,"creator":{"id":"76610574-9bac-4dfd-9f4f-0ef8951fdd20","type":"User","tenantId":"d47b090e-3f5a-4ca0-84d0-9f89d269f175"},"provisioningMethod":"FromDefinition","failureAlertSubscription":true,"clientLastModifiedTime":"2025-08-06T16:29:06.8777627Z","connectionKeySavedTimeKey":"2025-08-06T16:29:06.8777627Z","creationSource":null,"modifiedSources":"Portal"},"$schema":"https://schema.management.azure.com/providers/Microsoft.Logic/schemas/2016-06-01/workflowdefinition.json#","contentVersion":"1.0.0.0","parameters":{"$authentication":{"defaultValue":{},"type":"SecureObject"},"$connections":{"defaultValue":{},"type":"Object"}},"triggers":{"When_a_new_email_arrives":{"recurrence":{"frequency":"Minute","interval":1},"type":"OpenApiConnection","inputs":{"parameters":{"from":"data@cloudloop.com"},"host":{"apiId":"/providers/Microsoft.PowerApps/apis/shared_gmail","connectionName":"shared_gmail","operationId":"OnNewEmail"},"authentication":"@parameters('$authentication')"}}},"actions":{"Compose":{"runAfter":{},"type":"Compose","inputs":"@{split(split(triggerOutputs()?['body/Body'], 'message =')[1], '</')[0]}\n"},"Get_file_content":{"runAfter":{"Compose":["Succeeded"]},"type":"OpenApiConnection","inputs":{"parameters":{"path":"/Raw_Data.txt","inferContentType":true},"host":{"apiId":"/providers/Microsoft.PowerApps/apis/shared_googledrive","connectionName":"shared_googledrive","operationId":"GetFileContentByPath"},"authentication":"@parameters('$authentication')"}},"Update_file":{"runAfter":{"Get_file_content":["Succeeded"]},"metadata":{"16nH11NVrJD6YSDX43QgmEKCS6RYQfA94":"/Raw_Data.txt"},"type":"OpenApiConnection","inputs":{"parameters":{"id":"16nH11NVrJD6YSDX43QgmEKCS6RYQfA94","body":"@{body('Get_file_content')}3B@{outputs('Compose')}"},"host":{"apiId":"/providers/Microsoft.PowerApps/apis/shared_googledrive","connectionName":"shared_googledrive","operationId":"UpdateFile"},"authentication":"@parameters('$authentication')"}}},"outputs":{}},"connectionReferences":{"shared_gmail":{"connectionName":"shared-gmail-dded3312-c176-4c77-87a3-d7b1355f83b1","source":"Embedded","id":"/providers/Microsoft.PowerApps/apis/shared_gmail","tier":"NotSpecified","apiName":"gmail","isProcessSimpleApiReferenceConversionAlreadyDone":false},"shared_googledrive":{"connectionName":"9f6a46f6fe0c41a5b80e360f636bd91b","source":"Embedded","id":"/providers/Microsoft.PowerApps/apis/shared_googledrive","tier":"NotSpecified","apiName":"googledrive","isProcessSimpleApiReferenceConversionAlreadyDone":false}},"flowFailureAlertSubscribed":false,"isManaged":false}}